Workbook
Name SegmentaçãodeDados_Plan: #N/A

Sheet Assets
C1: Paleta de cores
C2: Vermelho NBA | D2: #D71D54
C3: Vermelho NBA (claro) | D3: #E64674
C4: Azul NBA | D4: #006AB7
C5: Azul claro | D5: #008DF6
C6: Cinza | D6: #EBEDEF

Sheet Plans
A1: Plans | B1: Monthly | C1: Regular Season | D1: Full Season
A2: League Pass | B2: 54.9 | C2: 349.9 | D2: 449.9
A3: League Pass Premium | B3: 74.9 | C3: 489.9 | D3: 599.9
A4: Team Pass | B4: 39.9 | D4: 299.9
A5: NBA TV | B5: 24.9 | D5: 199.9

Sheet Base
A1: Subscriber ID | B1: Name | C1: Gender | D1: City | E1: Region | F1: Plan | G1: Start Date | H1: Subscription Type | I1: Subscription Price | J1: Favorite Team
A2: 1324 | B2: Larissa Santos | C2: Female | D2: Campinas | E2: Sudeste | F2: League Pass Premium | G2: 45658 | H2: Full Season | I2: =_xlfn.IFS(AND(F2=Plans!$A$2,Base!H2=Plans!$B$1),Plans!$B$2,AND(F2=Plans!$A$2,Base!H2=Plans!$C$1),Plans!$C$2,AND(F2=Plans!$A$2,Base!H2=Plans!$D$1),Plans!$D$2,AND(F2=Plans!$A$3,Base!H2=Plans!$B$1),Plans!$B$3,AND(F2=Plans!$A$3,Base!H2=Plans!$C$1),Plans!$C$3,AND(F2=Plans!$A$3,Base!H2=Plans!$D$1),Plans!$D$3,AND(F2=Plans!$A$4,Base!H2=Plans!$B$1),Plans!$B$4,AND(F2=Plans!$A$4,Base!H2=Plans!$C$1),Plans!$C$4,AND(F2=Plans!$A$4,Base!H2=Plans!$D$1),Plans!$D$4,AND(F2=Plans!$A$5,Base!H2=Plans!$B$1),Plans!$B$5,AND(F2=Plans!$A$5,Base!H2=Plans!$C$1),Plans!$C$5,AND(F2=Plans!$A$5,Base!H2=Plans!$D$1),Plans!$D$5) -> 599.9 | J2: Dallas Mavericks
A3: 1325 | B3: Pedro Monteiro | C3: Male | D3: Maceió | E3: Nordeste | F3: League Pass | G3: 45708 | H3: Monthly | I3: =_xlfn.IFS(AND(F3=Plans!$A$2,Base!H3=Plans!$B$1),Plans!$B$2,AND(F3=Plans!$A$2,Base!H3=Plans!$C$1),Plans!$C$2,AND(F3=Plans!$A$2,Base!H3=Plans!$D$1),Plans!$D$2,AND(F3=Plans!$A$3,Base!H3=Plans!$B$1),Plans!$B$3,AND(F3=Plans!$A$3,Base!H3=Plans!$C$1),Plans!$C$3,AND(F3=Plans!$A$3,Base!H3=Plans!$D$1),Plans!$D$3,AND(F3=Plans!$A$4,Base!H3=Plans!$B$1),Plans!$B$4,AND(F3=Plans!$A$4,Base!H3=Plans!$C$1),Plans!$C$4,AND(F3=Plans!$A$4,Base!H3=Plans!$D$1),Plans!$D$4,AND(F3=Plans!$A$5,Base!H3=Plans!$B$1),Plans!$B$5,AND(F3=Plans!$A$5,Base!H3=Plans!$C$1),Plans!$C$5,AND(F3=Plans!$A$5,Base!H3=Plans!$D$1),Plans!$D$5) -> 54.9 | J3: Not specified
A4: 1326 | B4: Camila Monteiro | C4: Female | D4: Goiânia | E4: Centro-oeste | F4: League Pass Premium | G4: 45719 | H4: Monthly | I4: =_xlfn.IFS(AND(F4=Plans!$A$2,Base!H4=Plans!$B$1),Plans!$B$2,AND(F4=Plans!$A$2,Base!H4=Plans!$C$1),Plans!$C$2,AND(F4=Plans!$A$2,Base!H4=Plans!$D$1),Plans!$D$2,AND(F4=Plans!$A$3,Base!H4=Plans!$B$1),Plans!$B$3,AND(F4=Plans!$A$3,Base!H4=Plans!$C$1),Plans!$C$3,AND(F4=Plans!$A$3,Base!H4=Plans!$D$1),Plans!$D$3,AND(F4=Plans!$A$4,Base!H4=Plans!$B$1),Plans!$B$4,AND(F4=Plans!$A$4,Base!H4=Plans!$C$1),Plans!$C$4,AND(F4=Plans!$A$4,Base!H4=Plans!$D$1),Plans!$D$4,AND(F4=Plans!$A$5,Base!H4=Plans!$B$1),Plans!$B$5,AND(F4=Plans!$A$5,Base!H4=Plans!$C$1),Plans!$C$5,AND(F4=Plans!$A$5,Base!H4=Plans!$D$1),Plans!$D$5) -> 74.9 | J4: Golden State Warriors
A5: 1327 | B5: Ana Almeida | C5: Female | D5: Belo Horizonte | E5: Sudeste | F5: NBA TV | G5: 45721 | H5: Full Season | I5: =_xlfn.IFS(AND(F5=Plans!$A$2,Base!H5=Plans!$B$1),Plans!$B$2,AND(F5=Plans!$A$2,Base!H5=Plans!$C$1),Plans!$C$2,AND(F5=Plans!$A$2,Base!H5=Plans!$D$1),Plans!$D$2,AND(F5=Plans!$A$3,Base!H5=Plans!$B$1),Plans!$B$3,AND(F5=Plans!$A$3,Base!H5=Plans!$C$1),Plans!$C$3,AND(F5=Plans!$A$3,Base!H5=Plans!$D$1),Plans!$D$3,AND(F5=Plans!$A$4,Base!H5=Plans!$B$1),Plans!$B$4,AND(F5=Plans!$A$4,Base!H5=Plans!$C$1),Plans!$C$4,AND(F5=Plans!$A$4,Base!H5=Plans!$D$1),Plans!$D$4,AND(F5=Plans!$A$5,Base!H5=Plans!$B$1),Plans!$B$5,AND(F5=Plans!$A$5,Base!H5=Plans!$C$1),Plans!$C$5,AND(F5=Plans!$A$5,Base!H5=Plans!$D$1),Plans!$D$5) -> 199.9 | J5: Denver Nuggets
A6: 1328 | B6: Larissa Rodrigues | C6: Not specified/Other | D6: Salvador | E6: Nordeste | F6: NBA TV | G6: 45724 | H6: Monthly | I6: =_xlfn.IFS(AND(F6=Plans!$A$2,Base!H6=Plans!$B$1),Plans!$B$2,AND(F6=Plans!$A$2,Base!H6=Plans!$C$1),Plans!$C$2,AND(F6=Plans!$A$2,Base!H6=Plans!$D$1),Plans!$D$2,AND(F6=Plans!$A$3,Base!H6=Plans!$B$1),Plans!$B$3,AND(F6=Plans!$A$3,Base!H6=Plans!$C$1),Plans!$C$3,AND(F6=Plans!$A$3,Base!H6=Plans!$D$1),Plans!$D$3,AND(F6=Plans!$A$4,Base!H6=Plans!$B$1),Plans!$B$4,AND(F6=Plans!$A$4,Base!H6=Plans!$C$1),Plans!$C$4,AND(F6=Plans!$A$4,Base!H6=Plans!$D$1),Plans!$D$4,AND(F6=Plans!$A$5,Base!H6=Plans!$B$1),Plans!$B$5,AND(F6=Plans!$A$5,Base!H6=Plans!$C$1),Plans!$C$5,AND(F6=Plans!$A$5,Base!H6=Plans!$D$1),Plans!$D$5) -> 24.9 | J6: Miami Heat
A7: 1329 | B7: Fernanda Souza | C7: Not specified/Other | D7: Rio de Janeiro | E7: Sudeste | F7: League Pass | G7: 45727 | H7: Regular Season | I7: =_xlfn.IFS(AND(F7=Plans!$A$2,Base!H7=Plans!$B$1),Plans!$B$2,AND(F7=Plans!$A$2,Base!H7=Plans!$C$1),Plans!$C$2,AND(F7=Plans!$A$2,Base!H7=Plans!$D$1),Plans!$D$2,AND(F7=Plans!$A$3,Base!H7=Plans!$B$1),Plans!$B$3,AND(F7=Plans!$A$3,Base!H7=Plans!$C$1),Plans!$C$3,AND(F7=Plans!$A$3,Base!H7=Plans!$D$1),Plans!$D$3,AND(F7=Plans!$A$4,Base!H7=Plans!$B$1),Plans!$B$4,AND(F7=Plans!$A$4,Base!H7=Plans!$C$1),Plans!$C$4,AND(F7=Plans!$A$4,Base!H7=Plans!$D$1),Plans!$D$4,AND(F7=Plans!$A$5,Base!H7=Plans!$B$1),Plans!$B$5,AND(F7=Plans!$A$5,Base!H7=Plans!$C$1),Plans!$C$5,AND(F7=Plans!$A$5,Base!H7=Plans!$D$1),Plans!$D$5) -> 349.9 | J7: Not specified
A8: 1330 | B8: Bianca Lima | C8: Female | D8: Campinas | E8: Sudeste | F8: NBA TV | G8: 45730 | H8: Monthly | I8: =_xlfn.IFS(AND(F8=Plans!$A$2,Base!H8=Plans!$B$1),Plans!$B$2,AND(F8=Plans!$A$2,Base!H8=Plans!$C$1),Plans!$C$2,AND(F8=Plans!$A$2,Base!H8=Plans!$D$1),Plans!$D$2,AND(F8=Plans!$A$3,Base!H8=Plans!$B$1),Plans!$B$3,AND(F8=Plans!$A$3,Base!H8=Plans!$C$1),Plans!$C$3,AND(F8=Plans!$A$3,Base!H8=Plans!$D$1),Plans!$D$3,AND(F8=Plans!$A$4,Base!H8=Plans!$B$1),Plans!$B$4,AND(F8=Plans!$A$4,Base!H8=Plans!$C$1),Plans!$C$4,AND(F8=Plans!$A$4,Base!H8=Plans!$D$1),Plans!$D$4,AND(F8=Plans!$A$5,Base!H8=Plans!$B$1),Plans!$B$5,AND(F8=Plans!$A$5,Base!H8=Plans!$C$1),Plans!$C$5,AND(F8=Plans!$A$5,Base!H8=Plans!$D$1),Plans!$D$5) -> 24.9 | J8: Boston Celtics
A9: 1331 | B9: Renata Almeida | C9: Female | D9: Porto Alegre | E9: Sul | F9: Team Pass | G9: 45733 | H9: Monthly | I9: =_xlfn.IFS(AND(F9=Plans!$A$2,Base!H9=Plans!$B$1),Plans!$B$2,AND(F9=Plans!$A$2,Base!H9=Plans!$C$1),Plans!$C$2,AND(F9=Plans!$A$2,Base!H9=Plans!$D$1),Plans!$D$2,AND(F9=Plans!$A$3,Base!H9=Plans!$B$1),Plans!$B$3,AND(F9=Plans!$A$3,Base!H9=Plans!$C$1),Plans!$C$3,AND(F9=Plans!$A$3,Base!H9=Plans!$D$1),Plans!$D$3,AND(F9=Plans!$A$4,Base!H9=Plans!$B$1),Plans!$B$4,AND(F9=Plans!$A$4,Base!H9=Plans!$C$1),Plans!$C$4,AND(F9=Plans!$A$4,Base!H9=Plans!$D$1),Plans!$D$4,AND(F9=Plans!$A$5,Base!H9=Plans!$B$1),Plans!$B$5,AND(F9=Plans!$A$5,Base!H9=Plans!$C$1),Plans!$C$5,AND(F9=Plans!$A$5,Base!H9=Plans!$D$1),Plans!$D$5) -> 39.9 | J9: Brooklyn Nets
A10: 1332 | B10: Mateus Silva | C10: Male | D10: Campo Grande | E10: Centro-oeste | F10: Team Pass | G10: 45736 | H10: Full Season | I10: =_xlfn.IFS(AND(F10=Plans!$A$2,Base!H10=Plans!$B$1),Plans!$B$2,AND(F10=Plans!$A$2,Base!H10=Plans!$C$1),Plans!$C$2,AND(F10=Plans!$A$2,Base!H10=Plans!$D$1),Plans!$D$2,AND(F10=Plans!$A$3,Base!H10=Plans!$B$1),Plans!$B$3,AND(F10=Plans!$A$3,Base!H10=Plans!$C$1),Plans!$C$3,AND(F10=Plans!$A$3,Base!H10=Plans!$D$1),Plans!$D$3,AND(F10=Plans!$A$4,Base!H10=Plans!$B$1),Plans!$B$4,AND(F10=Plans!$A$4,Base!H10=Plans!$C$1),Plans!$C$4,AND(F10=Plans!$A$4,Base!H10=Plans!$D$1),Plans!$D$4,AND(F10=Plans!$A$5,Base!H10=Plans!$B$1),Plans!$B$5,AND(F10=Plans!$A$5,Base!H10=Plans!$C$1),Plans!$C$5,AND(F10=Plans!$A$5,Base!H10=Plans!$D$1),Plans!$D$5) -> 299.9 | J10: Denver Nuggets
A11: 1333 | B11: Beatriz Santos | C11: Female | D11: Fortaleza | E11: Nordeste | F11: NBA TV | G11: 45739 | H11: Monthly | I11: =_xlfn.IFS(AND(F11=Plans!$A$2,Base!H11=Plans!$B$1),Plans!$B$2,AND(F11=Plans!$A$2,Base!H11=Plans!$C$1),Plans!$C$2,AND(F11=Plans!$A$2,Base!H11=Plans!$D$1),Plans!$D$2,AND(F11=Plans!$A$3,Base!H11=Plans!$B$1),Plans!$B$3,AND(F11=Plans!$A$3,Base!H11=Plans!$C$1),Plans!$C$3,AND(F11=Plans!$A$3,Base!H11=Plans!$D$1),Plans!$D$3,AND(F11=Plans!$A$4,Base!H11=Plans!$B$1),Plans!$B$4,AND(F11=Plans!$A$4,Base!H11=Plans!$C$1),Plans!$C$4,AND(F11=Plans!$A$4,Base!H11=Plans!$D$1),Plans!$D$4,AND(F11=Plans!$A$5,Base!H11=Plans!$B$1),Plans!$B$5,AND(F11=Plans!$A$5,Base!H11=Plans!$C$1),Plans!$C$5,AND(F11=Plans!$A$5,Base!H11=Plans!$D$1),Plans!$D$5) -> 24.9 | J11: Dallas Mavericks
A12: 1334 | B12: Larissa Lima | C12: Female | D12: São Luís | E12: Nordeste | F12: League Pass | G12: 45742 | H12: Full Season | I12: =_xlfn.IFS(AND(F12=Plans!$A$2,Base!H12=Plans!$B$1),Plans!$B$2,AND(F12=Plans!$A$2,Base!H12=Plans!$C$1),Plans!$C$2,AND(F12=Plans!$A$2,Base!H12=Plans!$D$1),Plans!$D$2,AND(F12=Plans!$A$3,Base!H12=Plans!$B$1),Plans!$B$3,AND(F12=Plans!$A$3,Base!H12=Plans!$C$1),Plans!$C$3,AND(F12=Plans!$A$3,Base!H12=Plans!$D$1),Plans!$D$3,AND(F12=Plans!$A$4,Base!H12=Plans!$B$1),Plans!$B$4,AND(F12=Plans!$A$4,Base!H12=Plans!$C$1),Plans!$C$4,AND(F12=Plans!$A$4,Base!H12=Plans!$D$1),Plans!$D$4,AND(F12=Plans!$A$5,Base!H12=Plans!$B$1),Plans!$B$5,AND(F12=Plans!$A$5,Base!H12=Plans!$C$1),Plans!$C$5,AND(F12=Plans!$A$5,Base!H12=Plans!$D$1),Plans!$D$5) -> 449.9 | J12: Miami Heat
A13: 1335 | B13: Mateus Monteiro | C13: Male | D13: Salvador | E13: Nordeste | F13: League Pass Premium | G13: 45745 | H13: Monthly | I13: =_xlfn.IFS(AND(F13=Plans!$A$2,Base!H13=Plans!$B$1),Plans!$B$2,AND(F13=Plans!$A$2,Base!H13=Plans!$C$1),Plans!$C$2,AND(F13=Plans!$A$2,Base!H13=Plans!$D$1),Plans!$D$2,AND(F13=Plans!$A$3,Base!H13=Plans!$B$1),Plans!$B$3,AND(F13=Plans!$A$3,Base!H13=Plans!$C$1),Plans!$C$3,AND(F13=Plans!$A$3,Base!H13=Plans!$D$1),Plans!$D$3,AND(F13=Plans!$A$4,Base!H13=Plans!$B$1),Plans!$B$4,AND(F13=Plans!$A$4,Base!H13=Plans!$C$1),Plans!$C$4,AND(F13=Plans!$A$4,Base!H13=Plans!$D$1),Plans!$D$4,AND(F13=Plans!$A$5,Base!H13=Plans!$B$1),Plans!$B$5,AND(F13=Plans!$A$5,Base!H13=Plans!$C$1),Plans!$C$5,AND(F13=Plans!$A$5,Base!H13=Plans!$D$1),Plans!$D$5) -> 74.9 | J13: Golden State Warriors
... A201: 1523 | B201: Rafael Santos | C201: Male | D201: Manaus | E201: Norte | F201: NBA TV | G201: 45761 | H201: Monthly | I201: =_xlfn.IFS(AND(F201=Plans!$A$2,Base!H201=Plans!$B$1),Plans!$B$2,AND(F201=Plans!$A$2,Base!H201=Plans!$C$1),Plans!$C$2,AND(F201=Plans!$A$2,Base!H201=Plans!$D$1),Plans!$D$2,AND(F201=Plans!$A$3,Base!H201=Plans!$B$1),Plans!$B$3,AND(F201=Plans!$A$3,Base!H201=Plans!$C$1),Plans!$C$3,AND(F201=Plans!$A$3,Base!H201=Plans!$D$1),Plans!$D$3,AND(F201=Plans!$A$4,Base!H201=Plans!$B$1),Plans!$B$4,AND(F201=Plans!$A$4,Base!H201=Plans!$C$1),Plans!$C$4,AND(F201=Plans!$A$4,Base!H201=Plans!$D$1),Plans!$D$4,AND(F201=Plans!$A$5,Base!H201=Plans!$B$1),Plans!$B$5,AND(F201=Plans!$A$5,Base!H201=Plans!$C$1),Plans!$C$5,AND(F201=Plans!$A$5,Base!H201=Plans!$D$1),Plans!$D$5) -> 24.9 | J201: Chicago Bulls

Sheet Tasks
B2: Plan | C2: (Tudo)
B3: Region | C3: (Tudo)
B5: Rótulos de Linha | C5: Soma de Subscription Price
B6: Monthly | C6: 3796.2 | D6: =SUMIF(Base!$H$2:$H$201,"Monthly",Base!$I$2:$I$201) -> 3796.2
B7: Regular Season | C7: 11477.2 | D7: =SUMIF(Base!$H$2:$H$201,"Regular Season",Base!$I$2:$I$201) -> 11477.2
B8: Full Season | C8: 27841.6 | D8: =SUMIF(Base!$H$2:$H$201,"Full Season",Base!$I$2:$I$201) -> 27841.6
B9: Total Geral | C9: 43115
B11: Rótulos de Linha | C11: Soma de Subscription Price
B12: Not specified/Other | C12: 5208.2
B13: Male | C13: 21380.7
B14: Female | C14: 16526.1
B15: Total Geral | C15: 43115
B17: Rótulos de Linha | C17: Soma de Subscription Price
B18: Centro-oeste | C18: 7511.5
B19: Nordeste | C19: 15961.7
B20: Norte | C20: 5072.8
B21: Sudeste | C21: 11411
B22: Sul | C22: 3158
B23: Total Geral | C23: 43115

Sheet Dashboard
A2: NBA League Pass Subscription Sales
